IP|classification|actor|last-seen
162.243.128.193|benign|stretchoid.com|2020-10-24
119.28.232.240|unknown|unknown|2020-10-24
45.83.64.28|benign|alpha strike labs|2020-10-24
167.248.133.33|benign|censys|2020-10-24
192.241.239.179|benign|stretchoid.com|2020-10-24
45.83.65.188|benign|alpha strike labs|2020-10-24
167.248.133.49|benign|censys|2020-10-24
188.166.61.141|unknown|unknown|2020-10-24
150.109.164.235|unknown|unknown|2020-10-24
178.32.197.82|benign|onyphe|2020-10-24
122.228.19.80|malicious|unknown|2020-10-24
89.248.167.131|benign|shodan.io|2020-10-24
192.241.238.241|benign|stretchoid.com|2020-10-24
192.241.239.19|benign|stretchoid.com|2020-10-24
192.241.226.28|benign|stretchoid.com|2020-10-24
192.241.235.26|benign|stretchoid.com|2020-10-24
192.241.234.96|benign|stretchoid.com|2020-10-24
192.241.223.12|benign|stretchoid.com|2020-10-24
178.32.197.83|benign|onyphe|2020-10-24
150.109.183.239|unknown|unknown|2020-10-24
49.51.93.254|unknown|unknown|2020-10-24
162.243.128.11|benign|stretchoid.com|2020-10-24
162.243.128.102|benign|stretchoid.com|2020-10-24
167.248.133.51|benign|censys|2020-10-24
192.241.235.198|benign|stretchoid.com|2020-10-24
192.241.219.133|benign|stretchoid.com|2020-10-24
192.241.239.92|benign|stretchoid.com|2020-10-24
192.241.212.158|benign|stretchoid.com|2020-10-24
192.241.210.93|benign|stretchoid.com|2020-10-24
178.32.197.95|benign|onyphe|2020-10-24
162.243.128.141|benign|stretchoid.com|2020-10-24
162.243.128.53|benign|stretchoid.com|2020-10-24
192.241.228.138|benign|stretchoid.com|2020-10-24
192.241.221.242|benign|stretchoid.com|2020-10-24
93.174.95.106|benign|shodan.io|2020-10-24
192.241.237.240|benign|stretchoid.com|2020-10-24
192.241.239.55|benign|stretchoid.com|2020-10-24
192.241.225.53|benign|stretchoid.com|2020-10-24
192.241.237.178|benign|stretchoid.com|2020-10-24
192.241.237.6|benign|stretchoid.com|2020-10-24
192.241.233.186|benign|stretchoid.com|2020-10-24
192.241.208.9|benign|stretchoid.com|2020-10-24
192.241.237.188|benign|stretchoid.com|2020-10-24
192.241.234.173|benign|stretchoid.com|2020-10-24
162.243.128.16|benign|stretchoid.com|2020-10-24
122.228.19.79|malicious|unknown|2020-10-24
192.241.238.16|benign|stretchoid.com|2020-10-24
192.241.239.182|benign|stretchoid.com|2020-10-24
192.241.235.179|benign|stretchoid.com|2020-10-24
150.109.170.73|unknown|unknown|2020-10-24
162.243.128.131|benign|stretchoid.com|2020-10-24
192.241.235.138|benign|stretchoid.com|2020-10-24
39.104.89.9|malicious|unknown|2020-10-24
162.243.128.177|benign|stretchoid.com|2020-10-24
192.241.209.111|benign|stretchoid.com|2020-10-24
192.241.222.59|benign|stretchoid.com|2020-10-24
192.241.238.92|benign|stretchoid.com|2020-10-24
192.241.217.152|benign|stretchoid.com|2020-10-24
192.241.237.115|benign|stretchoid.com|2020-10-24
162.243.128.48|benign|stretchoid.com|2020-10-24
162.243.128.171|benign|stretchoid.com|2020-10-24
192.241.217.64|benign|stretchoid.com|2020-10-24
192.241.237.61|benign|stretchoid.com|2020-10-24
83.97.20.35|malicious|unknown|2020-10-24
162.142.125.51|benign|censys|2020-10-24
192.241.234.205|benign|stretchoid.com|2020-10-24
165.227.34.214|unknown|unknown|2020-10-24
39.104.73.117|malicious|unknown|2020-10-24
192.241.239.108|benign|stretchoid.com|2020-10-24
192.241.235.36|benign|stretchoid.com|2020-10-24
192.241.214.170|benign|stretchoid.com|2020-10-24
39.104.190.98|malicious|unknown|2020-10-24
192.241.212.58|benign|stretchoid.com|2020-10-24
192.241.237.229|benign|stretchoid.com|2020-10-24
162.243.128.230|benign|stretchoid.com|2020-10-24
192.241.210.61|benign|stretchoid.com|2020-10-24
192.241.237.65|benign|stretchoid.com|2020-10-24
162.243.128.183|benign|stretchoid.com|2020-10-24
192.241.214.48|benign|stretchoid.com|2020-10-24
162.243.128.91|benign|stretchoid.com|2020-10-24
117.50.60.193|malicious|unknown|2020-10-24
192.241.237.233|benign|stretchoid.com|2020-10-24
64.227.76.190|unknown|unknown|2020-10-24
192.241.238.38|benign|stretchoid.com|2020-10-24
124.156.55.172|unknown|unknown|2020-10-24
192.241.234.161|benign|stretchoid.com|2020-10-24
150.109.230.219|unknown|unknown|2020-10-24
192.241.235.159|benign|stretchoid.com|2020-10-24
170.106.38.97|unknown|unknown|2020-10-24
192.241.234.251|benign|stretchoid.com|2020-10-24
89.248.172.16|benign|shodan.io|2020-10-24
162.243.128.158|benign|stretchoid.com|2020-10-24
192.241.239.222|benign|stretchoid.com|2020-10-24
192.241.235.192|benign|stretchoid.com|2020-10-24
192.241.238.210|benign|stretchoid.com|2020-10-24
192.241.234.43|benign|stretchoid.com|2020-10-24
192.241.235.68|benign|stretchoid.com|2020-10-24
150.109.167.106|unknown|unknown|2020-10-24
192.241.235.163|benign|stretchoid.com|2020-10-24
192.241.222.11|benign|stretchoid.com|2020-10-24
124.156.50.64|unknown|unknown|2020-10-24
192.241.233.233|benign|stretchoid.com|2020-10-24
192.241.237.194|benign|stretchoid.com|2020-10-24
192.241.238.5|benign|stretchoid.com|2020-10-24
192.241.206.15|benign|stretchoid.com|2020-10-24
192.35.168.16|benign|censys|2020-10-24
192.241.214.101|benign|stretchoid.com|2020-10-24
74.120.14.50|benign|censys|2020-10-24
45.83.65.24|benign|alpha strike labs|2020-10-24
74.120.14.34|benign|censys|2020-10-24
192.241.238.248|benign|stretchoid.com|2020-10-24
162.243.128.202|benign|stretchoid.com|2020-10-24
45.83.66.134|benign|alpha strike labs|2020-10-24
45.83.64.73|benign|alpha strike labs|2020-10-24
192.241.233.249|benign|stretchoid.com|2020-10-24
39.104.19.143|malicious|unknown|2020-10-24
192.241.238.98|benign|stretchoid.com|2020-10-24
64.64.104.10|benign|shodan.io|2020-10-24
192.241.237.32|benign|stretchoid.com|2020-10-24
193.37.255.114|malicious|unknown|2020-10-24
192.241.218.14|benign|stretchoid.com|2020-10-24
74.120.14.52|benign|censys|2020-10-24
192.241.232.227|benign|stretchoid.com|2020-10-24
192.241.235.244|benign|stretchoid.com|2020-10-24
124.156.64.22|unknown|unknown|2020-10-24
94.102.49.193|benign|shodan.io|2020-10-24
192.241.207.146|benign|stretchoid.com|2020-10-24
192.241.232.136|benign|stretchoid.com|2020-10-24
192.241.236.161|benign|stretchoid.com|2020-10-24
192.241.237.202|benign|stretchoid.com|2020-10-24
192.241.233.87|benign|stretchoid.com|2020-10-24
178.32.197.91|benign|onyphe|2020-10-24
162.142.125.36|benign|censys|2020-10-24
192.241.237.57|benign|stretchoid.com|2020-10-24
106.75.79.172|malicious|unknown|2020-10-24
164.52.24.176|unknown|unknown|2020-10-24
192.241.239.202|benign|stretchoid.com|2020-10-24
183.134.104.148|malicious|unknown|2020-10-24
192.241.235.234|benign|stretchoid.com|2020-10-24
162.142.125.34|benign|censys|2020-10-24
192.241.233.55|benign|stretchoid.com|2020-10-24
192.241.239.152|benign|stretchoid.com|2020-10-24
170.106.80.86|unknown|unknown|2020-10-24
192.241.238.180|benign|stretchoid.com|2020-10-24
74.120.14.36|benign|censys|2020-10-24
192.241.237.171|benign|stretchoid.com|2020-10-24
185.142.236.35|benign|shodan.io|2020-10-24
192.241.238.80|benign|stretchoid.com|2020-10-24
192.241.236.71|benign|stretchoid.com|2020-10-24
192.241.236.89|benign|stretchoid.com|2020-10-24
192.241.233.64|benign|stretchoid.com|2020-10-24
192.241.234.57|benign|stretchoid.com|2020-10-24
162.243.128.29|benign|stretchoid.com|2020-10-24
192.241.216.242|benign|stretchoid.com|2020-10-24
150.109.182.197|unknown|unknown|2020-10-24
192.241.216.26|benign|stretchoid.com|2020-10-24
192.241.208.139|benign|stretchoid.com|2020-10-24
192.241.239.21|benign|stretchoid.com|2020-10-24
192.241.236.171|benign|stretchoid.com|2020-10-24
49.51.242.147|unknown|unknown|2020-10-24
192.241.223.186|benign|stretchoid.com|2020-10-24
192.241.214.20|benign|stretchoid.com|2020-10-24
192.241.234.212|benign|stretchoid.com|2020-10-24
192.241.231.103|benign|stretchoid.com|2020-10-24
192.241.217.192|benign|stretchoid.com|2020-10-24
71.6.146.186|benign|shodan.io|2020-10-24
192.241.239.29|benign|stretchoid.com|2020-10-24
192.241.219.22|benign|stretchoid.com|2020-10-24
192.241.235.28|benign|stretchoid.com|2020-10-24
192.241.212.56|benign|stretchoid.com|2020-10-24
192.241.232.13|benign|stretchoid.com|2020-10-24
162.142.125.52|benign|censys|2020-10-24
185.142.236.34|benign|shodan.io|2020-10-24
192.241.238.214|benign|stretchoid.com|2020-10-24
192.241.215.103|benign|stretchoid.com|2020-10-24
192.241.235.214|benign|stretchoid.com|2020-10-24
167.248.133.52|benign|censys|2020-10-24
162.243.128.251|benign|stretchoid.com|2020-10-24
162.243.128.94|benign|stretchoid.com|2020-10-24
106.75.2.200|malicious|unknown|2020-10-24
162.243.128.176|benign|stretchoid.com|2020-10-24
192.241.232.7|benign|stretchoid.com|2020-10-24
80.82.77.33|benign|shodan.io|2020-10-24
192.241.214.122|benign|stretchoid.com|2020-10-24
192.241.233.247|benign|stretchoid.com|2020-10-24
192.241.237.250|benign|stretchoid.com|2020-10-24
198.20.70.114|benign|shodan.io|2020-10-24
192.241.237.167|benign|stretchoid.com|2020-10-24
192.241.234.185|benign|stretchoid.com|2020-10-24
192.241.237.144|benign|stretchoid.com|2020-10-24
192.241.238.11|benign|stretchoid.com|2020-10-24
192.241.239.81|benign|stretchoid.com|2020-10-24
192.241.239.57|benign|stretchoid.com|2020-10-24
192.241.207.116|benign|stretchoid.com|2020-10-24
162.243.128.167|benign|stretchoid.com|2020-10-24
192.241.219.194|benign|stretchoid.com|2020-10-24
124.156.50.118|unknown|unknown|2020-10-24
192.241.235.57|benign|stretchoid.com|2020-10-24
162.243.128.149|benign|stretchoid.com|2020-10-24
192.241.239.181|benign|stretchoid.com|2020-10-24
192.241.211.138|benign|stretchoid.com|2020-10-24
162.243.128.127|benign|stretchoid.com|2020-10-24
192.241.239.189|benign|stretchoid.com|2020-10-24
192.35.168.64|benign|censys|2020-10-24
164.52.24.165|unknown|unknown|2020-10-24
74.120.14.35|benign|censys|2020-10-24
40.73.24.128|unknown|unknown|2020-10-24
192.241.237.71|benign|stretchoid.com|2020-10-24
192.241.236.80|benign|stretchoid.com|2020-10-24
192.241.234.86|benign|stretchoid.com|2020-10-24
192.241.223.72|benign|stretchoid.com|2020-10-24
192.241.239.146|benign|stretchoid.com|2020-10-24
192.241.234.116|benign|stretchoid.com|2020-10-24
192.241.217.78|benign|stretchoid.com|2020-10-24
167.248.133.50|benign|censys|2020-10-24
124.156.55.222|unknown|unknown|2020-10-24
162.243.128.237|benign|stretchoid.com|2020-10-24
170.106.76.163|unknown|unknown|2020-10-24
45.83.66.95|benign|alpha strike labs|2020-10-24
45.83.67.228|benign|alpha strike labs|2020-10-24
170.106.84.83|unknown|unknown|2020-10-24
162.243.128.37|benign|stretchoid.com|2020-10-24
192.241.238.207|benign|stretchoid.com|2020-10-24
94.102.49.190|benign|shodan.io|2020-10-24
192.241.237.44|benign|stretchoid.com|2020-10-24
192.241.234.13|benign|stretchoid.com|2020-10-24
167.248.133.36|benign|censys|2020-10-24
192.241.239.10|benign|stretchoid.com|2020-10-24
192.241.214.158|benign|stretchoid.com|2020-10-24
162.142.125.35|benign|censys|2020-10-24
192.241.219.52|benign|stretchoid.com|2020-10-24
45.83.67.97|benign|alpha strike labs|2020-10-24
124.156.50.111|unknown|unknown|2020-10-24
192.241.211.249|benign|stretchoid.com|2020-10-24
124.156.55.248|unknown|unknown|2020-10-24
192.241.229.204|benign|stretchoid.com|2020-10-24
192.241.235.149|benign|stretchoid.com|2020-10-24
192.241.235.45|benign|stretchoid.com|2020-10-24
83.97.20.34|malicious|unknown|2020-10-24
162.142.125.50|benign|censys|2020-10-24
192.241.236.86|benign|stretchoid.com|2020-10-24
192.241.229.228|benign|stretchoid.com|2020-10-24
192.241.239.39|benign|stretchoid.com|2020-10-24
83.97.20.33|malicious|unknown|2020-10-24
192.241.231.213|benign|stretchoid.com|2020-10-24
162.243.128.104|benign|stretchoid.com|2020-10-24
178.32.197.92|benign|onyphe|2020-10-24
192.241.239.192|benign|stretchoid.com|2020-10-24
192.241.220.144|benign|stretchoid.com|2020-10-24
192.241.239.112|benign|stretchoid.com|2020-10-24
192.241.235.76|benign|stretchoid.com|2020-10-24
192.241.238.161|benign|stretchoid.com|2020-10-24
192.35.168.240|benign|censys|2020-10-24
192.241.218.44|benign|stretchoid.com|2020-10-24
192.241.234.58|benign|stretchoid.com|2020-10-24
185.216.140.6|benign|criminalip|2020-10-24
192.241.239.143|benign|stretchoid.com|2020-10-24
192.241.239.36|benign|stretchoid.com|2020-10-24
192.241.237.108|benign|stretchoid.com|2020-10-24
192.241.220.31|benign|stretchoid.com|2020-10-24
192.241.232.233|benign|stretchoid.com|2020-10-24
192.241.233.235|benign|stretchoid.com|2020-10-24
192.241.232.150|benign|stretchoid.com|2020-10-24
43.245.222.163|benign|shodan.io|2020-10-24
192.241.237.52|benign|stretchoid.com|2020-10-24
192.241.236.169|benign|stretchoid.com|2020-10-24
192.241.235.145|benign|stretchoid.com|2020-10-24
192.241.234.114|benign|stretchoid.com|2020-10-24
162.243.128.129|benign|stretchoid.com|2020-10-24
192.241.237.159|benign|stretchoid.com|2020-10-24
192.241.238.97|benign|stretchoid.com|2020-10-24
192.241.217.150|benign|stretchoid.com|2020-10-24
192.241.237.8|benign|stretchoid.com|2020-10-24
192.241.233.163|benign|stretchoid.com|2020-10-24
192.241.231.35|benign|stretchoid.com|2020-10-24
192.241.215.51|benign|stretchoid.com|2020-10-24
192.241.234.83|benign|stretchoid.com|2020-10-24
192.241.233.176|benign|stretchoid.com|2020-10-24
192.241.237.220|benign|stretchoid.com|2020-10-24
192.241.219.58|benign|stretchoid.com|2020-10-24
192.241.227.237|benign|stretchoid.com|2020-10-24
170.106.38.214|unknown|unknown|2020-10-24
192.241.236.123|benign|stretchoid.com|2020-10-24
192.241.217.38|benign|stretchoid.com|2020-10-24
192.241.235.86|benign|stretchoid.com|2020-10-24
185.165.190.34|benign|shodan.io|2020-10-24
192.241.220.30|benign|stretchoid.com|2020-10-24
124.156.54.177|unknown|unknown|2020-10-24
192.241.234.241|benign|stretchoid.com|2020-10-24
192.241.218.91|benign|stretchoid.com|2020-10-24
192.241.234.189|benign|stretchoid.com|2020-10-24
192.241.236.103|benign|stretchoid.com|2020-10-24
139.219.6.53|malicious|unknown|2020-10-24
178.32.197.80|benign|onyphe|2020-10-24
164.52.24.168|unknown|unknown|2020-10-24
192.241.234.214|benign|stretchoid.com|2020-10-24
192.241.233.93|benign|stretchoid.com|2020-10-24
192.241.236.20|benign|stretchoid.com|2020-10-24
164.52.24.167|malicious|unknown|2020-10-24
124.156.50.52|unknown|unknown|2020-10-24
192.241.233.83|benign|stretchoid.com|2020-10-24
162.243.128.166|benign|stretchoid.com|2020-10-24
192.241.231.241|benign|stretchoid.com|2020-10-24
192.241.194.61|benign|stretchoid.com|2020-10-24
119.28.160.239|unknown|unknown|2020-10-24
192.241.239.116|benign|stretchoid.com|2020-10-24
192.241.234.53|benign|stretchoid.com|2020-10-24
192.35.168.160|benign|censys|2020-10-24
39.104.173.109|malicious|unknown|2020-10-24
66.240.236.119|benign|shodan.io|2020-10-24
192.241.231.242|benign|stretchoid.com|2020-10-24
192.241.205.222|benign|stretchoid.com|2020-10-24
192.241.235.219|benign|stretchoid.com|2020-10-24
162.243.128.4|benign|stretchoid.com|2020-10-24
192.241.230.182|benign|stretchoid.com|2020-10-24
192.241.217.52|benign|stretchoid.com|2020-10-24
185.181.102.18|benign|shodan.io|2020-10-24
192.241.237.77|benign|stretchoid.com|2020-10-24
117.50.7.159|malicious|unknown|2020-10-24
178.32.197.90|benign|onyphe|2020-10-24
192.241.230.159|benign|stretchoid.com|2020-10-24
162.243.128.228|benign|stretchoid.com|2020-10-24
192.241.218.123|benign|stretchoid.com|2020-10-24
192.241.212.72|benign|stretchoid.com|2020-10-24
162.243.128.147|benign|stretchoid.com|2020-10-24
192.241.237.170|benign|stretchoid.com|2020-10-24
162.243.128.49|benign|stretchoid.com|2020-10-24
192.241.218.92|benign|stretchoid.com|2020-10-24
192.241.210.136|benign|stretchoid.com|2020-10-24
192.241.238.240|benign|stretchoid.com|2020-10-24
192.241.213.98|benign|stretchoid.com|2020-10-24
192.241.236.94|benign|stretchoid.com|2020-10-24
192.241.221.158|benign|stretchoid.com|2020-10-24
192.241.232.202|benign|stretchoid.com|2020-10-24
192.241.218.206|benign|stretchoid.com|2020-10-24
192.241.238.53|benign|stretchoid.com|2020-10-24
192.241.206.62|benign|stretchoid.com|2020-10-24
124.156.55.67|unknown|unknown|2020-10-24
192.241.235.216|benign|stretchoid.com|2020-10-24
124.156.240.194|unknown|unknown|2020-10-24
162.62.17.159|unknown|unknown|2020-10-24
103.52.217.227|unknown|unknown|2020-10-24
192.241.237.210|benign|stretchoid.com|2020-10-24
192.241.217.42|benign|stretchoid.com|2020-10-24
192.241.238.239|benign|stretchoid.com|2020-10-24
162.243.128.18|benign|stretchoid.com|2020-10-24
183.136.225.45|malicious|unknown|2020-10-24
192.241.214.172|benign|stretchoid.com|2020-10-24
192.241.234.103|benign|stretchoid.com|2020-10-24
167.248.133.34|benign|censys|2020-10-24
192.241.234.7|benign|stretchoid.com|2020-10-24
192.241.239.195|benign|stretchoid.com|2020-10-24
192.241.212.191|benign|stretchoid.com|2020-10-24
45.83.67.99|benign|alpha strike labs|2020-10-24
45.83.65.77|benign|alpha strike labs|2020-10-24
45.83.67.24|benign|alpha strike labs|2020-10-24
139.219.13.13|malicious|unknown|2020-10-24
119.28.152.128|unknown|unknown|2020-10-24
124.156.50.158|unknown|unknown|2020-10-24
106.75.64.59|malicious|unknown|2020-10-24
115.238.44.237|malicious|unknown|2020-10-24
192.241.236.232|benign|stretchoid.com|2020-10-24
192.241.232.109|benign|stretchoid.com|2020-10-24
192.241.218.199|benign|stretchoid.com|2020-10-24
39.104.175.103|malicious|unknown|2020-10-24
162.243.128.21|benign|stretchoid.com|2020-10-24
192.241.239.68|benign|stretchoid.com|2020-10-24
192.241.218.84|benign|stretchoid.com|2020-10-24
192.241.237.154|benign|stretchoid.com|2020-10-24
178.32.197.94|benign|onyphe|2020-10-24
192.241.239.5|benign|stretchoid.com|2020-10-24
124.156.241.170|unknown|unknown|2020-10-24
66.240.219.146|benign|shodan.io|2020-10-24
124.156.244.21|unknown|unknown|2020-10-24
192.241.218.158|benign|stretchoid.com|2020-10-24
167.248.133.35|benign|censys|2020-10-24
192.241.231.7|benign|stretchoid.com|2020-10-24
192.241.214.181|benign|stretchoid.com|2020-10-24
192.241.238.75|benign|stretchoid.com|2020-10-24
192.241.237.238|benign|stretchoid.com|2020-10-24
192.241.236.138|benign|stretchoid.com|2020-10-24
74.120.14.51|benign|censys|2020-10-24
192.241.238.218|benign|stretchoid.com|2020-10-24
124.156.55.36|unknown|unknown|2020-10-24
192.241.222.58|benign|stretchoid.com|2020-10-24
178.32.197.85|benign|onyphe|2020-10-24
192.241.232.192|benign|stretchoid.com|2020-10-24
192.241.239.104|benign|stretchoid.com|2020-10-24
164.52.24.166|unknown|unknown|2020-10-24
162.243.128.34|benign|stretchoid.com|2020-10-24
192.241.239.251|benign|stretchoid.com|2020-10-24
192.241.238.37|benign|stretchoid.com|2020-10-24
192.241.235.173|benign|stretchoid.com|2020-10-24
150.109.170.49|unknown|unknown|2020-10-24
192.241.236.167|benign|stretchoid.com|2020-10-24
192.241.222.180|benign|stretchoid.com|2020-10-24
192.241.237.128|benign|stretchoid.com|2020-10-24
192.241.237.135|benign|stretchoid.com|2020-10-24
49.51.12.179|unknown|unknown|2020-10-24
164.52.24.164|unknown|unknown|2020-10-24
162.243.128.96|benign|stretchoid.com|2020-10-24
192.241.221.66|benign|stretchoid.com|2020-10-24
192.241.238.208|benign|stretchoid.com|2020-10-24
192.241.238.252|benign|stretchoid.com|2020-10-24
124.156.241.185|unknown|unknown|2020-10-24
192.241.235.137|benign|stretchoid.com|2020-10-24
162.243.128.112|benign|stretchoid.com|2020-10-24
192.241.234.5|benign|stretchoid.com|2020-10-24
192.241.219.95|benign|stretchoid.com|2020-10-24
71.6.165.200|benign|shodan.io|2020-10-24
192.241.225.192|benign|stretchoid.com|2020-10-24
124.156.240.14|unknown|unknown|2020-10-24
192.241.235.203|benign|stretchoid.com|2020-10-24
162.243.128.57|benign|stretchoid.com|2020-10-24
192.241.234.60|benign|stretchoid.com|2020-10-24
83.97.20.25|malicious|unknown|2020-10-24
71.6.167.142|benign|shodan.io|2020-10-24
170.106.37.251|unknown|unknown|2020-10-24
192.241.237.160|benign|stretchoid.com|2020-10-24
192.241.219.35|benign|stretchoid.com|2020-10-24
192.241.234.155|benign|stretchoid.com|2020-10-24
192.241.232.157|benign|stretchoid.com|2020-10-24
60.190.248.13|malicious|unknown|2020-10-24
192.241.234.95|benign|stretchoid.com|2020-10-24
192.241.237.136|benign|stretchoid.com|2020-10-24
192.241.238.245|benign|stretchoid.com|2020-10-24
178.32.197.87|benign|onyphe|2020-10-24
192.241.219.117|benign|stretchoid.com|2020-10-24
192.241.237.143|benign|stretchoid.com|2020-10-24
185.142.239.16|benign|shodan.io|2020-10-24
162.243.128.220|benign|stretchoid.com|2020-10-24
192.241.237.131|benign|stretchoid.com|2020-10-24
192.241.224.183|benign|stretchoid.com|2020-10-24
106.75.3.52|malicious|unknown|2020-10-24
192.241.208.203|benign|stretchoid.com|2020-10-24
192.241.231.237|benign|stretchoid.com|2020-10-24
192.241.239.63|benign|stretchoid.com|2020-10-24
192.241.235.104|benign|stretchoid.com|2020-10-24
150.109.170.100|unknown|unknown|2020-10-24
178.32.197.84|benign|onyphe|2020-10-24
170.106.81.157|unknown|unknown|2020-10-24
192.241.222.72|benign|stretchoid.com|2020-10-24
162.243.128.97|benign|stretchoid.com|2020-10-24
49.51.51.53|unknown|unknown|2020-10-24
192.241.211.132|benign|stretchoid.com|2020-10-24
150.109.231.90|unknown|unknown|2020-10-24
192.241.220.21|benign|stretchoid.com|2020-10-24
162.142.125.33|benign|censys|2020-10-24
192.241.231.234|benign|stretchoid.com|2020-10-24
150.109.205.227|benign|zoomeye|2020-10-24
162.243.128.190|benign|stretchoid.com|2020-10-24
192.241.219.38|benign|stretchoid.com|2020-10-24
192.241.238.9|benign|stretchoid.com|2020-10-24
192.241.236.40|benign|stretchoid.com|2020-10-24
192.241.239.88|benign|stretchoid.com|2020-10-24
192.241.213.51|benign|stretchoid.com|2020-10-24
162.243.128.132|benign|stretchoid.com|2020-10-24
66.240.192.138|benign|shodan.io|2020-10-24
192.241.218.169|benign|stretchoid.com|2020-10-24
192.241.237.109|benign|stretchoid.com|2020-10-24
45.83.67.177|benign|alpha strike labs|2020-10-24
170.106.81.221|unknown|unknown|2020-10-24
192.241.214.210|benign|stretchoid.com|2020-10-24
192.241.238.21|benign|stretchoid.com|2020-10-24
192.241.238.206|benign|stretchoid.com|2020-10-24
45.83.65.67|benign|alpha strike labs|2020-10-24
170.106.80.169|unknown|unknown|2020-10-24
192.241.238.215|benign|stretchoid.com|2020-10-24
74.120.14.33|benign|censys|2020-10-24
192.241.233.246|benign|stretchoid.com|2020-10-24
45.83.64.103|benign|alpha strike labs|2020-10-24
45.83.66.121|benign|alpha strike labs|2020-10-24
162.243.128.119|benign|stretchoid.com|2020-10-24
162.142.125.49|benign|censys|2020-10-24
192.35.168.80|benign|censys|2020-10-24
162.243.128.84|benign|stretchoid.com|2020-10-24
39.104.121.57|malicious|unknown|2020-10-24
80.82.77.139|benign|shodan.io|2020-10-24
71.6.158.166|benign|shodan.io|2020-10-24
192.241.234.126|benign|stretchoid.com|2020-10-24
178.32.197.89|benign|onyphe|2020-10-24
192.241.235.172|benign|stretchoid.com|2020-10-24
192.241.232.38|benign|stretchoid.com|2020-10-24
192.241.222.113|benign|stretchoid.com|2020-10-24
192.241.238.94|benign|stretchoid.com|2020-10-24
192.241.212.178|benign|stretchoid.com|2020-10-24
192.241.214.252|benign|stretchoid.com|2020-10-24
192.241.237.195|benign|stretchoid.com|2020-10-24
124.156.50.129|unknown|unknown|2020-10-24
162.243.128.226|benign|stretchoid.com|2020-10-24
192.241.227.129|benign|stretchoid.com|2020-10-24
192.241.235.197|benign|stretchoid.com|2020-10-24
192.241.239.175|benign|stretchoid.com|2020-10-24
162.243.128.227|benign|stretchoid.com|2020-10-24
162.243.128.195|benign|stretchoid.com|2020-10-24
178.32.197.86|benign|onyphe|2020-10-24
192.241.237.214|benign|stretchoid.com|2020-10-24
162.243.128.185|benign|stretchoid.com|2020-10-24
192.241.234.196|benign|stretchoid.com|2020-10-24
192.241.238.232|benign|stretchoid.com|2020-10-24
162.243.128.50|benign|stretchoid.com|2020-10-24
162.243.128.92|benign|stretchoid.com|2020-10-24
192.241.238.225|benign|stretchoid.com|2020-10-24
170.106.81.188|unknown|unknown|2020-10-24
192.241.231.17|benign|stretchoid.com|2020-10-24
192.241.208.169|benign|stretchoid.com|2020-10-24
192.241.221.46|benign|stretchoid.com|2020-10-24
192.241.234.77|benign|stretchoid.com|2020-10-24
124.156.194.166|unknown|unknown|2020-10-24
178.32.197.93|benign|onyphe|2020-10-24
192.241.234.16|benign|stretchoid.com|2020-10-24
192.241.237.227|benign|stretchoid.com|2020-10-24
192.241.238.14|benign|stretchoid.com|2020-10-24
162.243.128.36|benign|stretchoid.com|2020-10-24
192.241.212.79|benign|stretchoid.com|2020-10-24
170.106.36.196|unknown|unknown|2020-10-24
192.241.239.183|benign|stretchoid.com|2020-10-24
192.241.239.123|benign|stretchoid.com|2020-10-24
192.241.221.78|benign|stretchoid.com|2020-10-24
162.243.128.71|benign|stretchoid.com|2020-10-24
192.241.234.115|benign|stretchoid.com|2020-10-24
192.241.234.202|benign|stretchoid.com|2020-10-24
192.241.235.74|benign|stretchoid.com|2020-10-24
192.241.220.248|benign|stretchoid.com|2020-10-24
192.241.235.5|benign|stretchoid.com|2020-10-24
162.243.128.43|benign|stretchoid.com|2020-10-24
192.241.238.60|benign|stretchoid.com|2020-10-24
192.241.238.54|benign|stretchoid.com|2020-10-24
192.241.220.153|benign|stretchoid.com|2020-10-24
192.241.234.246|benign|stretchoid.com|2020-10-24
192.241.234.70|benign|stretchoid.com|2020-10-24
192.241.235.69|benign|stretchoid.com|2020-10-24
192.241.237.51|benign|stretchoid.com|2020-10-24
192.241.232.162|benign|stretchoid.com|2020-10-24
192.241.238.57|benign|stretchoid.com|2020-10-24
192.241.232.250|benign|stretchoid.com|2020-10-24
162.243.128.76|benign|stretchoid.com|2020-10-24
192.241.233.29|benign|stretchoid.com|2020-10-24
117.50.5.94|malicious|unknown|2020-10-24
192.241.239.135|benign|stretchoid.com|2020-10-24
117.50.6.160|malicious|unknown|2020-10-24
192.241.217.136|benign|stretchoid.com|2020-10-24
129.226.150.37|unknown|unknown|2020-10-24
192.241.238.116|benign|stretchoid.com|2020-10-24
195.144.21.56|benign|shodan.io|2020-10-24
192.241.209.122|benign|stretchoid.com|2020-10-24
192.241.239.218|benign|stretchoid.com|2020-10-24
192.241.221.64|benign|stretchoid.com|2020-10-24
162.243.128.25|benign|stretchoid.com|2020-10-24
192.241.236.61|benign|stretchoid.com|2020-10-24
192.241.238.10|benign|stretchoid.com|2020-10-24
192.241.232.99|benign|stretchoid.com|2020-10-24
71.6.146.185|benign|shodan.io|2020-10-24
192.241.233.165|benign|stretchoid.com|2020-10-24
192.241.239.84|benign|stretchoid.com|2020-10-24
192.241.214.52|benign|stretchoid.com|2020-10-24
71.6.199.23|benign|shodan.io|2020-10-24
192.241.215.45|benign|stretchoid.com|2020-10-24
124.156.54.103|unknown|unknown|2020-10-24
162.243.128.64|benign|stretchoid.com|2020-10-24
192.241.235.181|benign|stretchoid.com|2020-10-24
125.64.94.136|malicious|unknown|2020-10-24
162.243.128.120|benign|stretchoid.com|2020-10-24
178.32.197.88|benign|onyphe|2020-10-24
192.241.232.124|benign|stretchoid.com|2020-10-24
162.243.128.180|benign|stretchoid.com|2020-10-24
192.241.208.163|benign|stretchoid.com|2020-10-24
192.241.237.17|benign|stretchoid.com|2020-10-24
192.241.217.189|benign|stretchoid.com|2020-10-24
45.113.71.101|unknown|unknown|2020-10-24
192.241.239.247|benign|stretchoid.com|2020-10-24
13.65.234.62|malicious|unknown|2020-10-23
45.83.66.124|benign|alpha strike labs|2020-10-23
45.83.65.25|benign|alpha strike labs|2020-10-23
45.83.66.169|benign|alpha strike labs|2020-10-23
45.83.65.144|benign|alpha strike labs|2020-10-23
45.83.66.5|benign|alpha strike labs|2020-10-23
45.83.65.97|benign|alpha strike labs|2020-10-23
45.83.66.107|benign|alpha strike labs|2020-10-23
45.83.65.75|benign|alpha strike labs|2020-10-23
45.83.64.171|benign|alpha strike labs|2020-10-23
45.83.66.168|benign|alpha strike labs|2020-10-23
188.166.186.209|malicious|unknown|2020-10-23
188.166.238.7|malicious|unknown|2020-10-23
45.83.64.234|benign|alpha strike labs|2020-10-23
45.83.65.12|benign|alpha strike labs|2020-10-23
157.245.234.138|unknown|unknown|2020-10-23
45.83.65.119|benign|alpha strike labs|2020-10-23
45.83.67.75|benign|alpha strike labs|2020-10-23
45.83.67.121|benign|alpha strike labs|2020-10-23
192.241.237.31|benign|stretchoid.com|2020-10-23
45.83.65.94|benign|alpha strike labs|2020-10-23
161.35.194.252|unknown|unknown|2020-10-23
45.83.67.26|benign|alpha strike labs|2020-10-23
178.32.197.81|benign|onyphe|2020-10-23
60.191.20.213|malicious|unknown|2020-10-23
49.51.8.104|unknown|unknown|2020-10-23
45.83.66.132|benign|alpha strike labs|2020-10-23
45.83.66.197|benign|alpha strike labs|2020-10-23
45.83.67.113|benign|alpha strike labs|2020-10-23
45.83.67.81|benign|alpha strike labs|2020-10-23
45.83.66.190|benign|alpha strike labs|2020-10-23
45.83.65.159|benign|alpha strike labs|2020-10-23
188.166.229.38|malicious|unknown|2020-10-23
45.83.64.203|benign|alpha strike labs|2020-10-23
74.120.14.49|benign|censys|2020-10-23
104.248.33.135|unknown|unknown|2020-10-23
45.83.65.19|benign|alpha strike labs|2020-10-23
45.83.64.117|benign|alpha strike labs|2020-10-23
45.83.67.186|benign|alpha strike labs|2020-10-23
45.83.64.58|benign|alpha strike labs|2020-10-23
45.83.64.34|benign|alpha strike labs|2020-10-23
45.83.67.154|benign|alpha strike labs|2020-10-23
45.83.66.239|benign|alpha strike labs|2020-10-23
115.233.218.204|malicious|unknown|2020-10-23
45.83.66.247|benign|alpha strike labs|2020-10-23
45.83.67.165|benign|alpha strike labs|2020-10-23
192.241.233.180|benign|stretchoid.com|2020-10-23
45.83.67.0|benign|alpha strike labs|2020-10-23
45.83.65.194|benign|alpha strike labs|2020-10-23
45.83.65.236|benign|alpha strike labs|2020-10-23
45.83.65.53|benign|alpha strike labs|2020-10-23
122.224.129.237|malicious|unknown|2020-10-23
45.83.66.56|benign|alpha strike labs|2020-10-23
40.73.4.202|unknown|unknown|2020-10-23
45.83.67.162|benign|alpha strike labs|2020-10-23
45.83.65.162|benign|alpha strike labs|2020-10-23
192.241.222.143|benign|stretchoid.com|2020-10-23
202.107.226.2|malicious|unknown|2020-10-23
45.83.64.159|benign|alpha strike labs|2020-10-23
45.83.67.74|benign|alpha strike labs|2020-10-23
45.83.65.176|benign|alpha strike labs|2020-10-23
45.83.66.179|benign|alpha strike labs|2020-10-23
45.83.64.243|benign|alpha strike labs|2020-10-22
20.55.105.177|malicious|unknown|2020-10-22
45.83.65.69|benign|alpha strike labs|2020-10-22
45.83.64.204|benign|alpha strike labs|2020-10-22
45.83.64.174|benign|alpha strike labs|2020-10-22
45.83.67.10|benign|alpha strike labs|2020-10-22
45.83.66.214|benign|alpha strike labs|2020-10-22
45.83.66.182|benign|alpha strike labs|2020-10-22
117.13.121.38|malicious|unknown|2020-10-22
164.52.24.170|unknown|unknown|2020-10-21
45.83.66.251|benign|alpha strike labs|2020-10-21
45.83.65.252|benign|alpha strike labs|2020-10-21
101.227.1.196|unknown|unknown|2020-10-21
167.71.239.146|unknown|unknown|2020-10-21
20.51.124.179|malicious|unknown|2020-10-21
71.6.146.130|benign|shodan.io|2020-10-21
101.227.27.212|malicious|unknown|2020-10-20
45.83.67.114|benign|alpha strike labs|2020-10-20
45.83.66.209|benign|alpha strike labs|2020-10-20
45.83.67.6|benign|alpha strike labs|2020-10-20
45.83.66.62|benign|alpha strike labs|2020-10-20
45.83.67.147|benign|alpha strike labs|2020-10-20
45.83.65.170|benign|alpha strike labs|2020-10-19
39.104.130.149|malicious|unknown|2020-10-19
115.233.218.202|malicious|unknown|2020-10-19
188.166.240.250|unknown|unknown|2020-10-18
183.134.104.172|malicious|unknown|2020-10-18
128.199.21.134|unknown|unknown|2020-10-18
159.89.169.146|unknown|unknown|2020-10-18
143.110.177.176|unknown|unknown|2020-10-18
129.227.129.186|unknown|unknown|2020-10-17
60.190.248.11|malicious|unknown|2020-10-16
192.241.233.101|benign|stretchoid.com|2020-10-16
71.6.135.131|benign|shodan.io|2020-10-15
155.94.145.161|unknown|unknown|2020-10-15
192.241.238.100|benign|stretchoid.com|2020-10-15
162.243.128.160|benign|stretchoid.com|2020-10-14
210.52.224.203|unknown|unknown|2020-10-14
192.241.234.215|benign|stretchoid.com|2020-10-14
210.52.224.215|unknown|unknown|2020-10-14
192.241.233.213|benign|stretchoid.com|2020-10-14
128.199.28.21|unknown|unknown|2020-10-13
104.129.12.230|malicious|unknown|2020-10-13
107.174.238.46|unknown|unknown|2020-10-13
165.22.214.251|malicious|unknown|2020-10-13
139.59.11.20|unknown|unknown|2020-10-13
134.209.147.222|unknown|unknown|2020-10-13
129.227.129.183|unknown|unknown|2020-10-13
210.52.224.252|malicious|unknown|2020-10-13
192.241.239.128|benign|stretchoid.com|2020-10-12
183.136.225.46|malicious|unknown|2020-10-12
210.52.224.141|malicious|unknown|2020-10-12
210.52.224.218|malicious|unknown|2020-10-11
192.241.237.249|benign|stretchoid.com|2020-10-11
128.199.224.28|unknown|unknown|2020-10-10
192.241.233.68|benign|stretchoid.com|2020-10-10
157.245.104.41|unknown|unknown|2020-10-10
206.189.132.191|malicious|unknown|2020-10-10
188.166.177.148|unknown|unknown|2020-10-10
103.115.120.249|unknown|unknown|2020-10-09
103.115.120.250|unknown|unknown|2020-10-09
192.241.239.234|benign|stretchoid.com|2020-10-09
192.241.237.91|benign|stretchoid.com|2020-10-08
192.35.168.220|benign|censys|2020-10-07
192.241.220.224|benign|stretchoid.com|2020-10-07
192.35.168.251|benign|censys|2020-10-07
192.35.168.203|benign|censys|2020-10-07
192.35.168.218|benign|censys|2020-10-07
192.241.210.65|benign|stretchoid.com|2020-10-07
192.35.168.199|benign|censys|2020-10-07
192.35.168.219|benign|censys|2020-10-07
192.35.168.249|benign|censys|2020-10-07
192.35.168.250|benign|censys|2020-10-07
192.35.168.193|benign|censys|2020-10-07
183.134.104.146|malicious|unknown|2020-10-05
60.190.226.186|malicious|unknown|2020-10-05
192.241.238.224|benign|stretchoid.com|2020-10-04
192.241.216.156|benign|stretchoid.com|2020-10-04
192.241.237.192|benign|stretchoid.com|2020-10-03
192.241.235.176|benign|stretchoid.com|2020-10-02
162.243.128.52|benign|stretchoid.com|2020-10-02
162.243.128.69|benign|stretchoid.com|2020-10-02
192.241.234.100|benign|stretchoid.com|2020-10-02
162.243.128.188|benign|stretchoid.com|2020-10-02
192.241.220.234|benign|stretchoid.com|2020-10-02
192.241.235.30|benign|stretchoid.com|2020-10-02
192.241.235.60|benign|stretchoid.com|2020-10-02
192.241.239.140|benign|stretchoid.com|2020-10-02
192.241.233.89|benign|stretchoid.com|2020-10-02
192.241.239.50|benign|stretchoid.com|2020-10-02
162.243.129.4|benign|stretchoid.com|2020-10-02
192.241.220.233|benign|stretchoid.com|2020-10-02
162.243.128.103|benign|stretchoid.com|2020-10-02
192.241.237.53|benign|stretchoid.com|2020-10-02
192.241.233.166|benign|stretchoid.com|2020-10-02
192.241.235.98|benign|stretchoid.com|2020-10-02
192.241.211.83|benign|stretchoid.com|2020-10-02
192.241.236.64|benign|stretchoid.com|2020-10-02
192.241.237.157|benign|stretchoid.com|2020-10-02
192.241.219.80|benign|stretchoid.com|2020-10-02
192.241.211.186|benign|stretchoid.com|2020-10-02
192.241.235.168|benign|stretchoid.com|2020-10-02
192.241.218.197|benign|stretchoid.com|2020-10-02
192.241.238.51|benign|stretchoid.com|2020-10-02
192.241.238.101|benign|stretchoid.com|2020-10-02
192.241.235.77|benign|stretchoid.com|2020-10-02
192.241.214.218|benign|stretchoid.com|2020-10-02
192.241.222.79|benign|stretchoid.com|2020-10-02
192.241.236.149|benign|stretchoid.com|2020-10-02
192.241.213.134|benign|stretchoid.com|2020-10-02
192.241.239.215|benign|stretchoid.com|2020-10-01
192.241.238.146|benign|stretchoid.com|2020-10-01
192.241.216.214|benign|stretchoid.com|2020-10-01
192.241.234.137|benign|stretchoid.com|2020-09-30
192.241.236.197|benign|stretchoid.com|2020-09-30
192.241.232.213|benign|stretchoid.com|2020-09-30
192.241.235.91|benign|stretchoid.com|2020-09-30
192.241.208.151|benign|stretchoid.com|2020-09-30
218.75.38.212|malicious|unknown|2020-09-30
192.241.207.112|benign|stretchoid.com|2020-09-30
192.241.217.125|benign|stretchoid.com|2020-09-30
192.241.236.106|benign|stretchoid.com|2020-09-30
192.241.238.134|benign|stretchoid.com|2020-09-30
192.241.237.209|benign|stretchoid.com|2020-09-30
192.241.217.137|benign|stretchoid.com|2020-09-30
192.241.237.191|benign|stretchoid.com|2020-09-30
162.243.128.187|benign|stretchoid.com|2020-09-30
192.241.216.68|benign|stretchoid.com|2020-09-30
183.129.159.244|malicious|unknown|2020-09-28
183.134.104.170|malicious|unknown|2020-09-27
162.243.128.118|benign|stretchoid.com|2020-09-27
192.241.233.72|benign|stretchoid.com|2020-09-26
192.241.214.87|benign|stretchoid.com|2020-09-25
192.241.210.125|unknown|unknown|2020-09-25
192.241.233.143|benign|stretchoid.com|2020-09-25
192.241.239.122|benign|stretchoid.com|2020-09-25
202.107.207.229|malicious|unknown|2020-09-25
192.241.235.70|benign|stretchoid.com|2020-09-25
202.96.99.84|malicious|unknown|2020-09-25
192.241.235.228|benign|stretchoid.com|2020-09-25
